"";"be";"response";"ncomp";"rmse";"r_squared";"smpl";"model";"rmse_sd"
"1";"AEG";"biomass_g";2;74,4600676492379;0,764282525284999;3;"Model_5_RECLIMALUI";0,629318167549103
"2";"AEG";"biomass_g";2;72,901049256597;0,711342928966318;1;"Model_3_RELUI";0,616141727760546
"3";"AEG";"biomass_g";3;68,2566224159466;0,697280955939691;2;"Model_3_RELUI";0,576888175071839
"4";"AEG";"biomass_g";2;74,4631332793893;0,764248216334701;3;"Model_3_RELUI";0,629344077500708
"5";"AEG";"biomass_g";1;95,3564343238804;0,726938726022787;1;"Model_4_CLIMALUI";0,805929116199708
"6";"AEG";"biomass_g";2;90,3435505885204;0,637702351062708;2;"Model_4_CLIMALUI";0,763561456512178
"7";"AEG";"biomass_g";2;90,5079875170031;0,764422403194796;3;"Model_4_CLIMALUI";0,76495123696467
"8";"AEG";"biomass_g";3;74,9872151418569;0,641411466058422;5;"Model_0_RE";0,633773488428555
"9";"AEG";"biomass_g";2;72,6266400169505;0,713515814388818;1;"Model_5_RECLIMALUI";0,613822488397692
"10";"AEG";"biomass_g";3;68,2566224159466;0,697280955939691;2;"Model_5_RECLIMALUI";0,576888175071839
"11";"AEG";"biomass_g";2;76,932592803195;0,634448187866109;5;"Model_4_CLIMALUI";0,650215341675203
"12";"AEG";"biomass_g";2;95,1426217014281;0,53474655055592;2;"Model_2_LUI";0,804122024532878
"13";"AEG";"biomass_g";2;92,9091150554879;0,600886798434793;3;"Model_2_LUI";0,785244976015368
"14";"AEG";"biomass_g";1;86,6340714169064;0,472336013035144;4;"Model_2_LUI";0,732209851436573
"15";"AEG";"biomass_g";2;80,2884033140068;0,567426258545893;5;"Model_2_LUI";0,678577826265663
"16";"AEG";"biomass_g";2;65,8639250420568;0,760139368829712;4;"Model_0_RE";0,55666568569768
"17";"AEG";"biomass_g";3;78,8669723297223;0,705064712603984;1;"Model_0_RE";0,666564241393013
"18";"AEG";"biomass_g";3;70,6069663870337;0,75444067380815;2;"Model_0_RE";0,596752703908455
"19";"AEG";"biomass_g";3;74,8306399683866;0,741576491380627;3;"Model_0_RE";0,632450153594693
"20";"AEG";"biomass_g";2;96,5109867813669;0,522760434670936;1;"Model_2_LUI";0,815687109441233
"21";"AEG";"biomass_g";2;72,901049256597;0,711342928966318;1;"Model_1_RE";0,616141727760546
"22";"AEG";"biomass_g";2;69,7720133554776;0,694430583916092;2;"Model_1_RE";0,589695886363194
"23";"AEG";"biomass_g";1;88,5756461117225;0,524172075016197;4;"Model_4_CLIMALUI";0,748619562946067
"24";"AEG";"biomass_g";2;70,2841131570538;0,612928780902986;5;"Model_5_RECLIMALUI";0,594024027861108
"25";"AEG";"biomass_g";2;72,9369839440474;0,606575810485272;5;"Model_1_RE";0,616445438895543
"26";"AEG";"biomass_g";3;69,4394382928255;0,704071069363119;4;"Model_5_RECLIMALUI";0,586885043778593
"27";"AEG";"biomass_g";3;69,4394382928255;0,704071069363119;4;"Model_3_RELUI";0,586885043778593
"28";"AEG";"biomass_g";2;70,5877131799933;0,614586422248898;5;"Model_3_RELUI";0,59658998054066
"29";"AEG";"biomass_g";2;74,4750115383787;0,764051208940296;3;"Model_1_RE";0,629444469622511
"30";"AEG";"biomass_g";2;69,5162190600449;0,76897574207302;4;"Model_1_RE";0,587533975927798
"31";"AEG";"cover_bare_soil_pc";1;2,87568161222187;0,318600014247477;3;"Model_4_CLIMALUI";0,886548638900599
"32";"AEG";"cover_bare_soil_pc";1;2,51322400084282;0,333116992960858;2;"Model_2_LUI";0,774805982599029
"33";"AEG";"cover_bare_soil_pc";1;3,05912729039984;0,37991673982371;3;"Model_2_LUI";0,943103410336239
"34";"AEG";"cover_bare_soil_pc";1;2,86181973693452;0,240602177318276;1;"Model_2_LUI";0,882275138448957
"35";"AEG";"cover_bare_soil_pc";2;2,50608019954632;0,418402119801095;2;"Model_4_CLIMALUI";0,772603608285725
"36";"AEG";"cover_bare_soil_pc";2;2,68596066739331;0,486262613506118;1;"Model_1_RE";0,828059255133688
"37";"AEG";"cover_bare_soil_pc";2;2,41257917593914;0,355605563134807;4;"Model_4_CLIMALUI";0,743778023122731
"38";"AEG";"cover_bare_soil_pc";1;2,87816429649703;0,270173062984129;1;"Model_4_CLIMALUI";0,887314029740672
"39";"AEG";"cover_bare_soil_pc";1;2,50843996716529;0,280693749377538;2;"Model_5_RECLIMALUI";0,773331104946634
"40";"AEG";"cover_bare_soil_pc";1;2,97277467589436;0,326763057545525;3;"Model_5_RECLIMALUI";0,91648162003443
"41";"AEG";"cover_bare_soil_pc";3;2,23408876942178;0,53450022617052;4;"Model_5_RECLIMALUI";0,68875092058042
"42";"AEG";"cover_bare_soil_pc";1;3,04072747376257;0,300901835295812;5;"Model_4_CLIMALUI";0,937430900442771
"43";"AEG";"cover_bare_soil_pc";2;2,68596066739331;0,486262613506118;1;"Model_3_RELUI";0,828059255133688
"44";"AEG";"cover_bare_soil_pc";1;2,50843996716529;0,280693749377538;2;"Model_3_RELUI";0,773331104946634
"45";"AEG";"cover_bare_soil_pc";1;2,97277467589436;0,326763057545525;3;"Model_3_RELUI";0,91648162003443
"46";"AEG";"cover_bare_soil_pc";3;2,35730484160208;0,420835569217904;4;"Model_3_RELUI";0,726737407199055
"47";"AEG";"cover_bare_soil_pc";1;3,01776067751315;0,347163340770148;5;"Model_3_RELUI";0,930350428853601
"48";"AEG";"cover_bare_soil_pc";1;2,80399834327945;0,340364485528748;3;"Model_0_RE";0,864449285396806
"49";"AEG";"cover_bare_soil_pc";2;2,46124336854893;0,531705124351542;4;"Model_0_RE";0,758780787524064
"50";"AEG";"cover_bare_soil_pc";1;3,11182643867972;0,342091632990988;5;"Model_0_RE";0,95935011789252
"51";"AEG";"cover_bare_soil_pc";2;2,68596066739331;0,486262613506118;1;"Model_5_RECLIMALUI";0,828059255133688
"52";"AEG";"cover_bare_soil_pc";1;2,97277467589436;0,326763057545525;3;"Model_1_RE";0,91648162003443
"53";"AEG";"cover_bare_soil_pc";2;2,52251678717689;0,329310094459734;4;"Model_1_RE";0,777670871062704
"54";"AEG";"cover_bare_soil_pc";1;3,01776067751315;0,347163340770148;5;"Model_1_RE";0,930350428853601
"55";"AEG";"cover_bare_soil_pc";3;2,86714997473891;0,274960644006152;5;"Model_5_RECLIMALUI";0,88391840627472
"56";"AEG";"cover_bare_soil_pc";2;2,57545473824028;0,360067828564413;4;"Model_2_LUI";0,793991199523955
"57";"AEG";"cover_bare_soil_pc";1;3,02362267593468;0,258603465514483;5;"Model_2_LUI";0,932157634039238
"58";"AEG";"cover_bare_soil_pc";1;2,83256374663463;0,380407806301981;1;"Model_0_RE";0,873255760827378
"59";"AEG";"cover_bare_soil_pc";3;2,57459044372862;0,316516070654077;2;"Model_0_RE";0,793724744739924
"60";"AEG";"cover_bare_soil_pc";1;2,54406677668872;0,358637688222572;2;"Model_1_RE";0,784314552960184
"61";"AEG";"cover_shrubs_pc";1;1,13631837696761;0,244582832158893;1;"Model_2_LUI";0,724415618676698
"62";"AEG";"cover_shrubs_pc";1;1,11365168169827;0,182523864711447;1;"Model_4_CLIMALUI";0,70996534803977
"63";"AEG";"cover_shrubs_pc";1;0,435598563155738;0,16326330714477;2;"Model_2_LUI";0,277698934576097
"64";"AEG";"cover_shrubs_pc";1;0,839131995335243;0,307462055483461;3;"Model_2_LUI";0,534955991096781
"65";"AEG";"cover_shrubs_pc";1;1,10465562315708;0,427462639392711;4;"Model_3_RELUI";0,704230260545051
"66";"AEG";"cover_shrubs_pc";1;1,09132927475097;0,391450179832394;1;"Model_5_RECLIMALUI";0,695734565041938
"67";"AEG";"cover_shrubs_pc";1;0,425087570868637;0,200802670722826;2;"Model_5_RECLIMALUI";0,270998059948965
"68";"AEG";"cover_shrubs_pc";1;0,800135880022777;0,322700543060607;3;"Model_5_RECLIMALUI";0,510095533347734
"69";"AEG";"cover_shrubs_pc";1;1,09706137534384;0,434760461132172;4;"Model_5_RECLIMALUI";0,699388842999122
"70";"AEG";"cover_shrubs_pc";1;1,12293025019465;0,211285066004421;4;"Model_2_LUI";0,71588053877679
"71";"AEG";"cover_shrubs_pc";1;1,09132927475097;0,391450179832394;1;"Model_3_RELUI";0,695734565041938
"72";"AEG";"cover_shrubs_pc";2;0,420234256279317;0,707292093690878;2;"Model_3_RELUI";0,267904017854673
"73";"AEG";"cover_shrubs_pc";1;0,812839038899725;0,273491839822301;3;"Model_3_RELUI";0,518193938586546
"74";"AEG";"cover_shrubs_pc";1;1,11156960920992;0,576122090137221;1;"Model_0_RE";0,70863800364374
"75";"AEG";"cover_shrubs_pc";1;0,43036980611392;0,454042392459946;2;"Model_0_RE";0,274365543737636
"76";"AEG";"cover_shrubs_pc";1;0,427054437060769;0,342946567463618;2;"Model_4_CLIMALUI";0,272251959048291
"77";"AEG";"cover_shrubs_pc";1;0,815158574640178;0,340730197522339;3;"Model_4_CLIMALUI";0,519672668450044
"78";"AEG";"cover_shrubs_pc";1;1,11073817415587;0,404572226751315;5;"Model_0_RE";0,708107954538418
"79";"AEG";"cover_shrubs_pc";1;1,11272564026947;0,0724402270545103;4;"Model_4_CLIMALUI";0,709374986317072
"80";"AEG";"cover_shrubs_pc";1;1,09677065241396;0,0836535448042615;5;"Model_4_CLIMALUI";0,699203503894011
"81";"AEG";"cover_shrubs_pc";1;1,10465562315708;0,427462639392711;4;"Model_1_RE";0,704230260545051
"82";"AEG";"cover_shrubs_pc";1;1,08054592260955;0,299668295827003;5;"Model_1_RE";0,688860057974836
"83";"AEG";"cover_shrubs_pc";1;1,09132927475097;0,391450179832394;1;"Model_1_RE";0,695734565041938
"84";"AEG";"cover_shrubs_pc";1;1,08054592260955;0,299668295827003;5;"Model_5_RECLIMALUI";0,688860057974836
"85";"AEG";"cover_shrubs_pc";1;1,13326107371024;0,289158494115952;5;"Model_2_LUI";0,722466553805829
"86";"AEG";"cover_shrubs_pc";1;1,12136582207412;0,469265092115644;4;"Model_0_RE";0,714883198429418
"87";"AEG";"cover_shrubs_pc";2;0,420234256279317;0,707292093690878;2;"Model_1_RE";0,267904017854673
"88";"AEG";"cover_shrubs_pc";1;0,810846519191624;0,238480131547687;3;"Model_0_RE";0,516923685085128
"89";"AEG";"cover_shrubs_pc";1;1,08054592260955;0,299668295827003;5;"Model_3_RELUI";0,688860057974836
"90";"AEG";"cover_shrubs_pc";1;0,812839038899725;0,273491839822301;3;"Model_1_RE";0,518193938586546
"91";"AEG";"EVENESS";3;0,0745603357532589;0,408510164889397;1;"Model_5_RECLIMALUI";0,776986804263864
"92";"AEG";"EVENESS";1;0,0832548460736465;0,398352083862683;1;"Model_0_RE";0,867591543636726
"93";"AEG";"EVENESS";3;0,0897293267703194;0,414615136735585;3;"Model_4_CLIMALUI";0,935061546486815
"94";"AEG";"EVENESS";1;0,0906610049141835;0,401775352966828;4;"Model_4_CLIMALUI";0,944770483769488
"95";"AEG";"EVENESS";2;0,0851929223805765;0,328816165684868;1;"Model_4_CLIMALUI";0,887788069053731
"96";"AEG";"EVENESS";1;0,0843828430164634;0,496223033520537;1;"Model_2_LUI";0,879346302128146
"97";"AEG";"EVENESS";1;0,0767384380498717;0,503973696453488;2;"Model_2_LUI";0,799684619740519
"98";"AEG";"EVENESS";1;0,0924653096276998;0,386315538005894;3;"Model_2_LUI";0,963572986992015
"99";"AEG";"EVENESS";1;0,0735446803894526;0,289158914035155;5;"Model_4_CLIMALUI";0,766402747642005
"100";"AEG";"EVENESS";3;0,0745816701082061;0,511018141879427;1;"Model_3_RELUI";0,777209127729873
"101";"AEG";"EVENESS";1;0,0790145524994729;0,432696892624961;2;"Model_3_RELUI";0,823403811378644
"102";"AEG";"EVENESS";1;0,0958894460721667;0,64947699792523;3;"Model_3_RELUI";0,999255616455408
"103";"AEG";"EVENESS";1;0,0907608154875027;0,512768409103077;4;"Model_3_RELUI";0,945810601113537
"104";"AEG";"EVENESS";2;0,0763618070164883;0,558580667544006;5;"Model_3_RELUI";0,79575978034624
"105";"AEG";"EVENESS";3;0,0735049872625309;0,482903060526538;2;"Model_4_CLIMALUI";0,765989109002552
"106";"AEG";"EVENESS";2;0,076525270660472;0,430063699585934;1;"Model_1_RE";0,797463220829294
"107";"AEG";"EVENESS";2;0,081261673062963;0,464722738332318;2;"Model_1_RE";0,846820860239579
"108";"AEG";"EVENESS";2;0,097610464811167;0,488649781878708;3;"Model_1_RE";1,01719020374749
"109";"AEG";"EVENESS";3;0,0766992713268212;0,562954502232142;2;"Model_5_RECLIMALUI";0,799276466710238
"110";"AEG";"EVENESS";3;0,0904049635447654;0,577364219803083;3;"Model_5_RECLIMALUI";0,942102298824052
"111";"AEG";"EVENESS";3;0,0841520807734976;0,544665453910696;4;"Model_5_RECLIMALUI";0,876941548771078
"112";"AEG";"EVENESS";1;0,0976142880318853;0,578204658396951;4;"Model_2_LUI";1,01723004519963
"113";"AEG";"EVENESS";1;0,0806400890409283;0,481824183657538;5;"Model_2_LUI";0,840343386955922
"114";"AEG";"EVENESS";3;0,093427370400573;0,239753572597286;3;"Model_0_RE";0,973598539021395
"115";"AEG";"EVENESS";2;0,0939526107852911;0,49192758435305;4;"Model_0_RE";0,979072023600957
"116";"AEG";"EVENESS";1;0,0795621665565963;0,460953627673524;5;"Model_0_RE";0,829110450061473
"117";"AEG";"EVENESS";2;0,0860964801731038;0,549998062284984;2;"Model_0_RE";0,897203966589477
"118";"AEG";"EVENESS";1;0,0917950921321586;0,287017012894976;4;"Model_1_RE";0,956588708491102
"119";"AEG";"EVENESS";1;0,0819514818449606;0,435453904598459;5;"Model_1_RE";0,854009297840654
"120";"AEG";"EVENESS";3;0,0728928532823392;0,494577339377692;5;"Model_5_RECLIMALUI";0,759610113786859
"121";"AEG";"SHANNON";3;0,337968959944092;0,383777464679355;1;"Model_3_RELUI";0,746209061551227
"122";"AEG";"SHANNON";3;0,337968959944092;0,383777464679355;1;"Model_5_RECLIMALUI";0,746209061551227
"123";"AEG";"SHANNON";1;0,344930614097792;0,48340601781163;2;"Model_5_RECLIMALUI";0,761579850080849
"124";"AEG";"SHANNON";1;0,35459721770843;0,490892252991206;1;"Model_2_LUI";0,782922955701776
"125";"AEG";"SHANNON";3;0,373137070092757;0,532174103496147;3;"Model_4_CLIMALUI";0,823857501440222
"126";"AEG";"SHANNON";2;0,379026419478398;0,658454724587947;4;"Model_4_CLIMALUI";0,836860724810007
"127";"AEG";"SHANNON";2;0,395290991981868;0,354479979889488;4;"Model_2_LUI";0,872771630315512
"128";"AEG";"SHANNON";2;0,333839946518464;0,620418260192715;5;"Model_2_LUI";0,737092522464384
"129";"AEG";"SHANNON";2;0,351405248818133;0,504213733735196;2;"Model_2_LUI";0,775875337747384
"130";"AEG";"SHANNON";1;0,411425536237889;0,532658455165256;3;"Model_2_LUI";0,908395443608407
"131";"AEG";"SHANNON";2;0,395092701163034;0,590071197182414;4;"Model_3_RELUI";0,872333819677929
"132";"AEG";"SHANNON";3;0,343679854719588;0,542824963509059;1;"Model_4_CLIMALUI";0,758818271082615
"133";"AEG";"SHANNON";1;0,331192783500705;0,547923015114829;2;"Model_4_CLIMALUI";0,731247793316529
"134";"AEG";"SHANNON";1;0,368234025164204;0,368990805051721;1;"Model_1_RE";0,813031961261964
"135";"AEG";"SHANNON";2;0,383141485902209;0,504205105862467;2;"Model_1_RE";0,845946470006373
"136";"AEG";"SHANNON";2;0,432764570808109;0,400032440438646;3;"Model_1_RE";0,955510364942269
"137";"AEG";"SHANNON";1;0,411941296410553;0,605165859835513;4;"Model_1_RE";0,909534201778662
"138";"AEG";"SHANNON";3;0,37120072370825;0,507955918633135;3;"Model_5_RECLIMALUI";0,819582199889868
"139";"AEG";"SHANNON";3;0,354567443925574;0,6548814398857;4;"Model_5_RECLIMALUI";0,782857217515146
"140";"AEG";"SHANNON";3;0,313922233693478;0,583334866952524;5;"Model_5_RECLIMALUI";0,69311576851089
"141";"AEG";"SHANNON";2;0,372611767272492;0,486838037745244;2;"Model_0_RE";0,822697673849533
"142";"AEG";"SHANNON";1;0,353096664175913;0,529096887939358;2;"Model_3_RELUI";0,779609850724645
"143";"AEG";"SHANNON";2;0,409663454417309;0,436445614812007;3;"Model_3_RELUI";0,904504904601721
"144";"AEG";"SHANNON";2;0,360203917794049;0,461865144592569;1;"Model_0_RE";0,795302111497567
"145";"AEG";"SHANNON";1;0,422886826623164;0,423551154845247;3;"Model_0_RE";0,933701077427491
"146";"AEG";"SHANNON";1;0,412658274446506;0,434372114042882;4;"Model_0_RE";0,911117233271998
"147";"AEG";"SHANNON";2;0,395336807347329;0,327033613068071;5;"Model_0_RE";0,872872787063371
"148";"AEG";"SHANNON";2;0,334653049169883;0,49890831906791;5;"Model_4_CLIMALUI";0,73888778959945
"149";"AEG";"SHANNON";3;0,329873839543525;0,613497285058931;5;"Model_3_RELUI";0,72833566809447
"150";"AEG";"SHANNON";1;0,375529061867649;0,450079469470514;5;"Model_1_RE";0,829138832417705
"151";"AEG";"SPECRICH";3;7,24143201020557;0,576664655850284;1;"Model_5_RECLIMALUI";0,693621573870476
"152";"AEG";"SPECRICH";2;7,39893008110782;0,548068056286451;2;"Model_5_RECLIMALUI";0,708707548532231
"153";"AEG";"SPECRICH";3;7,14313113417831;0,723228424852256;3;"Model_5_RECLIMALUI";0,684205810766331
"154";"AEG";"SPECRICH";1;8,22303335273202;0,578147935584497;4;"Model_5_RECLIMALUI";0,787644395207059
"155";"AEG";"SPECRICH";3;7,31989089914452;0,713201849872602;5;"Model_5_RECLIMALUI";0,701136769477266
"156";"AEG";"SPECRICH";2;9,16460152798452;0,565024077649288;4;"Model_2_LUI";0,877832634039457
"157";"AEG";"SPECRICH";2;7,30437464040769;0,579790360396772;1;"Model_3_RELUI";0,699650542472655
"158";"AEG";"SPECRICH";2;7,29751419204657;0,54121778499495;1;"Model_0_RE";0,698993413470686
"159";"AEG";"SPECRICH";2;7,05215325834459;0,578729283471764;2;"Model_0_RE";0,675491482255859
"160";"AEG";"SPECRICH";1;8,23920537445638;0,633677321828824;3;"Model_0_RE";0,789193434560782
"161";"AEG";"SPECRICH";1;7,51542540491613;0,529194987365721;1;"Model_4_CLIMALUI";0,719866069351676
"162";"AEG";"SPECRICH";1;7,52159231304425;0,548114504671444;2;"Model_4_CLIMALUI";0,720456767505813
"163";"AEG";"SPECRICH";1;7,3577483550582;0,570027140614662;3;"Model_4_CLIMALUI";0,704762951165718
"164";"AEG";"SPECRICH";3;8,55096231317731;0,550389842499486;4;"Model_4_CLIMALUI";0,819055116365693
"165";"AEG";"SPECRICH";3;7,57701733346863;0,550933304822792;5;"Model_4_CLIMALUI";0,725765660808185
"166";"AEG";"SPECRICH";2;8,19771579287287;0,66270865034425;1;"Model_2_LUI";0,785219349209069
"167";"AEG";"SPECRICH";1;7,90971419269373;0,73354188927089;2;"Model_2_LUI";0,757633075815639
"168";"AEG";"SPECRICH";2;8,15156737517011;0,555868630448353;3;"Model_2_LUI";0,780799016590671
"169";"AEG";"SPECRICH";1;8,22489642713478;0,577987190706657;4;"Model_3_RELUI";0,787822850048264
"170";"AEG";"SPECRICH";1;8,12317380200359;0,530684271878853;5;"Model_2_LUI";0,778079334229529
"171";"AEG";"SPECRICH";2;7,39893008110782;0,548068056286451;2;"Model_3_RELUI";0,708707548532231
"172";"AEG";"SPECRICH";2;7,31809540458776;0,698257860717542;3;"Model_3_RELUI";0,700964787781025
"173";"AEG";"SPECRICH";1;7,45693334787437;0,584315804139068;2;"Model_1_RE";0,714263399519652
"174";"AEG";"SPECRICH";2;7,49652870302428;0,655799769479356;5;"Model_3_RELUI";0,718056046128547
"175";"AEG";"SPECRICH";1;8,23938849644311;0,576355324975342;4;"Model_1_RE";0,789210974925791
"176";"AEG";"SPECRICH";1;7,47137123993652;0,557303023503891;1;"Model_1_RE";0,715646335022106
"177";"AEG";"SPECRICH";1;8,60693868306651;0,664332125334107;4;"Model_0_RE";0,824416820753359
"178";"AEG";"SPECRICH";2;8,04121938714698;0,691374221954622;3;"Model_1_RE";0,770229319185769
"179";"AEG";"SPECRICH";1;7,50126008158583;0,669379828377251;5;"Model_1_RE";0,718509241883172
"180";"AEG";"SPECRICH";2;7,80122378880518;0,671726444296011;5;"Model_0_RE";0,747241307365839
"181";"HEG";"biomass_g";2;76,9384209079603;0,635119730877767;1;"Model_4_CLIMALUI";0,787873458035082
"182";"HEG";"biomass_g";1;87,4438005890508;0,549939521981622;1;"Model_2_LUI";0,895451826808905
"183";"HEG";"biomass_g";1;51,4787944975923;0,758002999507384;3;"Model_3_RELUI";0,527158932528845
"184";"HEG";"biomass_g";3;64,210704983159;0,511250104277484;4;"Model_3_RELUI";0,657537672088065
"185";"HEG";"biomass_g";1;79,1488006417155;0,436548830313037;3;"Model_2_LUI";0,8105084368123
"186";"HEG";"biomass_g";1;80,4963279375234;0,510370692568927;4;"Model_4_CLIMALUI";0,824307537155351
"187";"HEG";"biomass_g";3;68,0001049121126;0,599771347290893;1;"Model_5_RECLIMALUI";0,696342310793532
"188";"HEG";"biomass_g";1;80,6943983577331;0,384129226050198;2;"Model_2_LUI";0,826335840115868
"189";"HEG";"biomass_g";3;49,3747709168452;0,746179809721804;3;"Model_5_RECLIMALUI";0,505613073973552
"190";"HEG";"biomass_g";3;64,210704983159;0,511250104277484;4;"Model_5_RECLIMALUI";0,657537672088065
"191";"HEG";"biomass_g";1;84,4808009827039;0,535783531025902;4;"Model_2_LUI";0,86510978549249
"192";"HEG";"biomass_g";1;70,795642552618;0,529240154934409;2;"Model_5_RECLIMALUI";0,72496948928121
"193";"HEG";"biomass_g";3;69,4334033516985;0,661813335319487;1;"Model_3_RELUI";0,711019734435275
"194";"HEG";"biomass_g";3;68,3213902066036;0,504352891633995;2;"Model_3_RELUI";0,699632372546804
"195";"HEG";"biomass_g";1;71,5105459416978;0,670431445281568;1;"Model_0_RE";0,732290323250354
"196";"HEG";"biomass_g";2;68,7309983830409;0,527314430978164;2;"Model_0_RE";0,703826888194521
"197";"HEG";"biomass_g";1;81,1611492646982;0,387902205493647;2;"Model_4_CLIMALUI";0,831115515169915
"198";"HEG";"biomass_g";1;70,0004697312149;0,500151199253545;3;"Model_4_CLIMALUI";0,716826671256859
"199";"HEG";"biomass_g";1;72,6592729504268;0,598461231415184;5;"Model_0_RE";0,744053646568209
"200";"HEG";"biomass_g";3;68,3213902066036;0,504352891633995;2;"Model_1_RE";0,699632372546804
"201";"HEG";"biomass_g";1;51,4787944975923;0,758002999507384;3;"Model_1_RE";0,527158932528845
"202";"HEG";"biomass_g";1;80,0475604354211;0,346064232821915;5;"Model_4_CLIMALUI";0,819712017783332
"203";"HEG";"biomass_g";2;77,4118351993863;0,507637306792871;5;"Model_1_RE";0,79272136822699
"204";"HEG";"biomass_g";2;79,1295913452387;0,63272896205741;5;"Model_3_RELUI";0,810311727617297
"205";"HEG";"biomass_g";3;69,4334033516985;0,661813335319487;1;"Model_1_RE";0,711019734435275
"206";"HEG";"biomass_g";2;79,1295913452387;0,63272896205741;5;"Model_5_RECLIMALUI";0,810311727617297
"207";"HEG";"biomass_g";1;91,6314249886516;0,461680096088945;5;"Model_2_LUI";0,938334408459659
"208";"HEG";"biomass_g";3;50,7924948157875;0,7640528786039;3;"Model_0_RE";0,520131009455161
"209";"HEG";"biomass_g";1;73,584366513925;0,510502307321543;4;"Model_0_RE";0,753526893565977
"210";"HEG";"biomass_g";3;68,1113900029491;0,562575666291108;4;"Model_1_RE";0,697481904878131
"211";"HEG";"cover_bare_soil_pc";3;7,05375163875018;0,429599360039133;1;"Model_5_RECLIMALUI";0,72573079512375
"212";"HEG";"cover_bare_soil_pc";2;7,64087697869868;0,46186785298706;1;"Model_0_RE";0,786137648330397
"213";"HEG";"cover_bare_soil_pc";1;8,79138179943954;0,455786772737016;1;"Model_2_LUI";0,904508243314645
"214";"HEG";"cover_bare_soil_pc";3;8,5928258724273;0,351176158344593;1;"Model_4_CLIMALUI";0,884079660318398
"215";"HEG";"cover_bare_soil_pc";2;7,79499408850187;0,339653116572026;3;"Model_4_CLIMALUI";0,801994108603992
"216";"HEG";"cover_bare_soil_pc";2;7,71496885559462;0,3791352675169;4;"Model_4_CLIMALUI";0,793760649463087
"217";"HEG";"cover_bare_soil_pc";1;7,6014327803402;0,306008255758671;5;"Model_4_CLIMALUI";0,78207940090353
"218";"HEG";"cover_bare_soil_pc";1;8,8649408335616;0,329212297599371;2;"Model_2_LUI";0,912076422498708
"219";"HEG";"cover_bare_soil_pc";1;8,47405741822278;0,362620995085627;3;"Model_2_LUI";0,87186007432788
"220";"HEG";"cover_bare_soil_pc";1;8,33454790465478;0,429311478425846;4;"Model_2_LUI";0,857506528102517
"221";"HEG";"cover_bare_soil_pc";3;7,38138534958456;0,581347035636843;2;"Model_5_RECLIMALUI";0,759439647611121
"222";"HEG";"cover_bare_soil_pc";3;6,62410895991595;0,480274651113034;1;"Model_3_RELUI";0,681526669589113
"223";"HEG";"cover_bare_soil_pc";3;7,38138534958456;0,581347035636843;2;"Model_3_RELUI";0,759439647611121
"224";"HEG";"cover_bare_soil_pc";1;8,04216492423229;0,249659107720384;3;"Model_3_RELUI";0,827424474788223
"225";"HEG";"cover_bare_soil_pc";3;6,59854999914859;0,568128325716891;4;"Model_3_RELUI";0,678897015772223
"226";"HEG";"cover_bare_soil_pc";3;7,99904765854416;0,423530704823743;2;"Model_4_CLIMALUI";0,822988320935072
"227";"HEG";"cover_bare_soil_pc";3;7,3651573027266;0,457382409646431;1;"Model_1_RE";0,757770012223786
"228";"HEG";"cover_bare_soil_pc";2;8,17095533356728;0,536369829951778;2;"Model_1_RE";0,840675177528808
"229";"HEG";"cover_bare_soil_pc";1;8,40171089221275;0,363295050811159;3;"Model_1_RE";0,864416644996278
"230";"HEG";"cover_bare_soil_pc";1;8,49570256127184;0,358716987587016;5;"Model_2_LUI";0,874087051925058
"231";"HEG";"cover_bare_soil_pc";2;7,77132609651069;0,421965787105403;3;"Model_5_RECLIMALUI";0,799559008599566
"232";"HEG";"cover_bare_soil_pc";3;6,803374966347;0,448804784867493;4;"Model_5_RECLIMALUI";0,699970593907509
"233";"HEG";"cover_bare_soil_pc";3;7,42614975052781;0,51353707596686;5;"Model_5_RECLIMALUI";0,7640452682728
"234";"HEG";"cover_bare_soil_pc";3;8,00318674166801;0,490436612514567;2;"Model_0_RE";0,823414173763524
"235";"HEG";"cover_bare_soil_pc";3;7,45063903082574;0,528577221946162;5;"Model_3_RELUI";0,766564867171773
"236";"HEG";"cover_bare_soil_pc";2;8,77398147001527;0,333849220154539;4;"Model_0_RE";0,902717996711814
"237";"HEG";"cover_bare_soil_pc";3;6,70558591972634;0,568746353836326;5;"Model_0_RE";0,689909490796288
"238";"HEG";"cover_bare_soil_pc";1;8,50174009378296;0,39260505417936;4;"Model_1_RE";0,87470822821454
"239";"HEG";"cover_bare_soil_pc";3;6,79274583432271;0,538905893777962;5;"Model_1_RE";0,698877007284316
"240";"HEG";"cover_bare_soil_pc";3;7,85312792076278;0,460361828264691;3;"Model_0_RE";0,807975253740791
"241";"HEG";"cover_shrubs_pc";2;0,462952408859688;0,50044878746976;1;"Model_5_RECLIMALUI";0,643392310957103
"242";"HEG";"cover_shrubs_pc";1;0,469070990528834;0,469049298856491;1;"Model_4_CLIMALUI";0,651895665350675
"243";"HEG";"cover_shrubs_pc";1;0,583926501162038;0,569146282198723;3;"Model_4_CLIMALUI";0,811517153430786
"244";"HEG";"cover_shrubs_pc";3;0,506004267862707;0,446536887261186;2;"Model_5_RECLIMALUI";0,703224022651137
"245";"HEG";"cover_shrubs_pc";3;0,457287668329714;0,526333221798287;1;"Model_2_LUI";0,635519686404765
"246";"HEG";"cover_shrubs_pc";1;0,602191981418391;0,304674581123845;2;"Model_2_LUI";0,836901770354634
"247";"HEG";"cover_shrubs_pc";3;0,600713749252861;0,498439975237134;4;"Model_4_CLIMALUI";0,834847383789384
"248";"HEG";"cover_shrubs_pc";2;0,647641008841996;0,43740245095682;4;"Model_2_LUI";0,90006496861264
"249";"HEG";"cover_shrubs_pc";1;0,537687141548854;0,493621532409492;5;"Model_2_LUI";0,747255583840983
"250";"HEG";"cover_shrubs_pc";2;0,462952408859688;0,50044878746976;1;"Model_3_RELUI";0,643392310957103
"251";"HEG";"cover_shrubs_pc";1;0,607466199313914;0,596365420135115;3;"Model_2_LUI";0,844231662532213
"252";"HEG";"cover_shrubs_pc";2;0,570073650528065;0,45722886998844;3;"Model_3_RELUI";0,792265028564022
"253";"HEG";"cover_shrubs_pc";2;0,604801929937605;0,504867264578397;4;"Model_3_RELUI";0,8405289699914
"254";"HEG";"cover_shrubs_pc";1;0,583812437034871;0,423368551273525;2;"Model_4_CLIMALUI";0,811358631775058
"255";"HEG";"cover_shrubs_pc";2;0,488334788736162;0,368771337390831;1;"Model_1_RE";0,678667703705444
"256";"HEG";"cover_shrubs_pc";1;0,54972163756138;0,401941086584696;2;"Model_1_RE";0,763980633873179
"257";"HEG";"cover_shrubs_pc";1;0,658588890742671;0,300263827883374;3;"Model_1_RE";0,915279886823154
"258";"HEG";"cover_shrubs_pc";2;0,650783617905455;0,308974120692664;4;"Model_1_RE";0,904432438074035
"259";"HEG";"cover_shrubs_pc";2;0,567913179047453;0,450783035442078;3;"Model_5_RECLIMALUI";0,789262493720123
"260";"HEG";"cover_shrubs_pc";3;0,575645619877566;0,400472004943577;4;"Model_5_RECLIMALUI";0,800008723526508
"261";"HEG";"cover_shrubs_pc";2;0,477228004476018;0,491134737315308;5;"Model_5_RECLIMALUI";0,663231949499006
"262";"HEG";"cover_shrubs_pc";2;0,544411818354809;0,48401565353752;2;"Model_0_RE";0,756601264450531
"263";"HEG";"cover_shrubs_pc";1;0,655711284351554;0,459092650312238;3;"Model_0_RE";0,911280707230232
"264";"HEG";"cover_shrubs_pc";2;0,513043630450921;0,323568944487817;2;"Model_3_RELUI";0,713007040681979
"265";"HEG";"cover_shrubs_pc";1;0,44991874348497;0,483102425206144;1;"Model_0_RE";0,625278656237525
"266";"HEG";"cover_shrubs_pc";2;0,499574164991771;0,258724180132435;5;"Model_4_CLIMALUI";0,694287728840693
"267";"HEG";"cover_shrubs_pc";2;0,610840641220457;0,347345812256334;4;"Model_0_RE";0,848921323790891
"268";"HEG";"cover_shrubs_pc";2;0,526487047871506;0,227746748739342;5;"Model_0_RE";0,731690152025316
"269";"HEG";"cover_shrubs_pc";3;0,521578698552624;0,540294203589204;5;"Model_1_RE";0,724868729021946
"270";"HEG";"cover_shrubs_pc";3;0,486436506287718;0,474346508081121;5;"Model_3_RELUI";0,676029548448055
"271";"HEG";"EVENESS";1;0,0864824269324883;0,389975106027341;1;"Model_2_LUI";0,986068470635913
"272";"HEG";"EVENESS";3;0,0777341420782238;0,33240889142849;1;"Model_4_CLIMALUI";0,886320947666119
"273";"HEG";"EVENESS";3;0,0793770045230242;0,433620770494694;1;"Model_5_RECLIMALUI";0,905052786212627
"274";"HEG";"EVENESS";3;0,0685250718660317;0,416530856194663;2;"Model_5_RECLIMALUI";0,781319572216701
"275";"HEG";"EVENESS";3;0,0769568362197666;0,466680640024998;1;"Model_1_RE";0,877458143669377
"276";"HEG";"EVENESS";2;0,0760940049754961;0,306857150640635;5;"Model_5_RECLIMALUI";0,86762018333879
"277";"HEG";"EVENESS";1;0,0859641645303631;0,472311959024193;4;"Model_2_LUI";0,980159267663954
"278";"HEG";"EVENESS";2;0,0750095839681862;0,400498013174268;3;"Model_5_RECLIMALUI";0,855255667192195
"279";"HEG";"EVENESS";3;0,072769393825873;0,575032587315948;4;"Model_5_RECLIMALUI";0,829713126980079
"280";"HEG";"EVENESS";2;0,0800224439320418;0,435876189903499;1;"Model_0_RE";0,912412055297836
"281";"HEG";"EVENESS";2;0,0750860584338912;0,372315394777587;2;"Model_0_RE";0,856127625370465
"282";"HEG";"EVENESS";2;0,0756126360940869;0,363817808262195;3;"Model_0_RE";0,862131638514841
"283";"HEG";"EVENESS";3;0,0690338740899987;0,527026225881934;2;"Model_4_CLIMALUI";0,787120910692493
"284";"HEG";"EVENESS";1;0,0776651715276101;0,432161414232365;3;"Model_4_CLIMALUI";0,885534548766656
"285";"HEG";"EVENESS";1;0,0761928573268686;0,344918465663916;4;"Model_4_CLIMALUI";0,868747293092691
"286";"HEG";"EVENESS";2;0,0795174654663948;0,448333659848188;5;"Model_4_CLIMALUI";0,906654315130423
"287";"HEG";"EVENESS";3;0,0794649010191633;0,380119762709771;4;"Model_1_RE";0,906054977832316
"288";"HEG";"EVENESS";1;0,0774203015247856;0,468424288131634;2;"Model_2_LUI";0,882742552776786
"289";"HEG";"EVENESS";1;0,0821365898859559;0,335099548049057;3;"Model_2_LUI";0,936517445738654
"290";"HEG";"EVENESS";1;0,0796721027025717;0,520599253475401;3;"Model_3_RELUI";0,908417481456679
"291";"HEG";"EVENESS";1;0,0834615247792006;0,243685939294878;5;"Model_2_LUI";0,951624289639946
"292";"HEG";"EVENESS";3;0,0769568362197666;0,466680640024998;1;"Model_3_RELUI";0,877458143669377
"293";"HEG";"EVENESS";1;0,0736551083113863;0,350909487640565;2;"Model_3_RELUI";0,83981200092625
"294";"HEG";"EVENESS";1;0,0736551083113863;0,350909487640565;2;"Model_1_RE";0,83981200092625
"295";"HEG";"EVENESS";3;0,0794649010191633;0,380119762709771;4;"Model_3_RELUI";0,906054977832316
"296";"HEG";"EVENESS";3;0,0741648287166464;0,425400783039132;5;"Model_3_RELUI";0,845623808460966
"297";"HEG";"EVENESS";2;0,0800345917736668;0,469980606542968;4;"Model_0_RE";0,91255056440353
"298";"HEG";"EVENESS";1;0,0796721027025717;0,520599253475401;3;"Model_1_RE";0,908417481456679
"299";"HEG";"EVENESS";1;0,078019517283681;0,567229946310866;5;"Model_1_RE";0,889574782027431
"300";"HEG";"EVENESS";2;0,0795056497581616;0,445308539124472;5;"Model_0_RE";0,90651959299368
"301";"HEG";"SHANNON";3;0,364838779198186;0,638412322734389;3;"Model_5_RECLIMALUI";0,772409192386551
"302";"HEG";"SHANNON";2;0,317522798124129;0,685839580967703;1;"Model_4_CLIMALUI";0,672235359964708
"303";"HEG";"SHANNON";2;0,317317728788999;0,63554205515401;2;"Model_4_CLIMALUI";0,671801202609287
"304";"HEG";"SHANNON";3;0,295198321700303;0,688966723347568;1;"Model_5_RECLIMALUI";0,624971659425865
"305";"HEG";"SHANNON";3;0,339911449561855;0,59815949801871;2;"Model_5_RECLIMALUI";0,71963492701085
"306";"HEG";"SHANNON";1;0,358538322906924;0,558508331629925;1;"Model_2_LUI";0,759070340726387
"307";"HEG";"SHANNON";3;0,355707070282473;0,595797970830765;4;"Model_5_RECLIMALUI";0,753076225852138
"308";"HEG";"SHANNON";3;0,331380538873255;0,68964971067499;1;"Model_0_RE";0,701573925245125
"309";"HEG";"SHANNON";2;0,376436939422429;0,500557211385264;2;"Model_0_RE";0,796963943917256
"310";"HEG";"SHANNON";1;0,411867606212352;0,305759160488437;3;"Model_0_RE";0,871975083854372
"311";"HEG";"SHANNON";3;0,313088135187815;0,694271010084222;1;"Model_3_RELUI";0,662846625508701
"312";"HEG";"SHANNON";2;0,37345773863983;0,580209409075869;3;"Model_4_CLIMALUI";0,790656604342495
"313";"HEG";"SHANNON";1;0,347383855238497;0,404192145387189;4;"Model_4_CLIMALUI";0,735454941666543
"314";"HEG";"SHANNON";2;0,348997333484032;0,465619310760232;5;"Model_4_CLIMALUI";0,738870876319394
"315";"HEG";"SHANNON";2;0,404737479421877;0,390759766692749;4;"Model_1_RE";0,856879716284215
"316";"HEG";"SHANNON";1;0,397301176877947;0,432015743972843;2;"Model_2_LUI";0,841136136462677
"317";"HEG";"SHANNON";1;0,40427989542718;0,549752939557471;3;"Model_2_LUI";0,855910953904926
"318";"HEG";"SHANNON";1;0,367857587335481;0,542982457464564;4;"Model_2_LUI";0,778800385670398
"319";"HEG";"SHANNON";1;0,399748529087645;0,51326261975191;5;"Model_2_LUI";0,846317486285007
"320";"HEG";"SHANNON";1;0,40810498791434;0,30619367741266;4;"Model_0_RE";0,864009151704249
"321";"HEG";"SHANNON";3;0,365040113074715;0,588664403235737;2;"Model_3_RELUI";0,772835441310285
"322";"HEG";"SHANNON";2;0,377796782849846;0,447417796388351;3;"Model_3_RELUI";0,799842902030897
"323";"HEG";"SHANNON";2;0,38126188741448;0,38626382039295;4;"Model_3_RELUI";0,807178960506333
"324";"HEG";"SHANNON";3;0,332560906160791;0,615667119290762;1;"Model_1_RE";0,704072909989262
"325";"HEG";"SHANNON";2;0,376547660766584;0,577522652720598;2;"Model_1_RE";0,797198354810218
"326";"HEG";"SHANNON";1;0,382132635402212;0,445114034316148;3;"Model_1_RE";0,809022442582043
"327";"HEG";"SHANNON";3;0,396224951881385;0,509816448412773;5;"Model_1_RE";0,838857633935483
"328";"HEG";"SHANNON";3;0,377846085620787;0,457355061084602;5;"Model_3_RELUI";0,799947282145229
"329";"HEG";"SHANNON";2;0,367977300002302;0,615631536065571;5;"Model_5_RECLIMALUI";0,779053832314696
"330";"HEG";"SHANNON";2;0,40347882470846;0,629793833787003;5;"Model_0_RE";0,85421498729674
"331";"HEG";"SPECRICH";2;8,4893535116096;0,640288699085017;2;"Model_4_CLIMALUI";0,687816037051393
"332";"HEG";"SPECRICH";3;7,80254173071623;0,660274054189707;2;"Model_5_RECLIMALUI";0,632169849542738
"333";"HEG";"SPECRICH";3;8,01940657977148;0,617691417665502;3;"Model_5_RECLIMALUI";0,649740459701561
"334";"HEG";"SPECRICH";3;7,02852435231411;0,693921265479901;1;"Model_3_RELUI";0,569458176022087
"335";"HEG";"SPECRICH";1;8,40093045387135;0,516135550250667;1;"Model_0_RE";0,680651911176046
"336";"HEG";"SPECRICH";3;7,92311858490553;0,636607528334136;5;"Model_4_CLIMALUI";0,641939108638285
"337";"HEG";"SPECRICH";1;6,99345950584483;0,584751833490389;1;"Model_2_LUI";0,566617186575089
"338";"HEG";"SPECRICH";3;6,71951411186893;0,636790766454337;1;"Model_4_CLIMALUI";0,544421852737794
"339";"HEG";"SPECRICH";3;7,62762254920373;0,4697392164087;1;"Model_1_RE";0,617997719937384
"340";"HEG";"SPECRICH";3;8,27489580671397;0,658998668605287;3;"Model_4_CLIMALUI";0,670440456155306
"341";"HEG";"SPECRICH";3;6,91428604609696;0,70974013203731;4;"Model_4_CLIMALUI";0,560202472516008
"342";"HEG";"SPECRICH";3;6,2450267487389;0,77682505527383;1;"Model_5_RECLIMALUI";0,505978405036771
"343";"HEG";"SPECRICH";2;8,85039240815598;0,602567052164094;3;"Model_1_RE";0,717067774855024
"344";"HEG";"SPECRICH";2;9,72728919621283;0,451717290997014;4;"Model_1_RE";0,788114842554529
"345";"HEG";"SPECRICH";3;7,65042961454742;0,732655156271234;4;"Model_5_RECLIMALUI";0,619845571517603
"346";"HEG";"SPECRICH";3;7,56432951999069;0,636009714280774;5;"Model_5_RECLIMALUI";0,612869654476715
"347";"HEG";"SPECRICH";1;8,53755661714057;0,570193932330907;4;"Model_2_LUI";0,691721501581117
"348";"HEG";"SPECRICH";2;9,48959578746864;0,602188150351998;5;"Model_2_LUI";0,768856681351549
"349";"HEG";"SPECRICH";1;10,9521254381735;0,37583190040685;4;"Model_0_RE";0,887352317920609
"350";"HEG";"SPECRICH";2;8,56104318807768;0,557062746450401;2;"Model_3_RELUI";0,693624407394121
"351";"HEG";"SPECRICH";2;9,75775975158751;0,524955511947911;2;"Model_0_RE";0,790583597874461
"352";"HEG";"SPECRICH";2;9,92440960989262;0,532646172964125;3;"Model_0_RE";0,804085738521313
"353";"HEG";"SPECRICH";1;7,9237093388361;0,721497950541323;4;"Model_3_RELUI";0,641986972121275
"354";"HEG";"SPECRICH";2;10,2465246494334;0,49728177844689;5;"Model_0_RE";0,830183825927918
"355";"HEG";"SPECRICH";1;9,37093258316604;0,410905782346805;2;"Model_1_RE";0,759242468111916
"356";"HEG";"SPECRICH";3;8,48092960402179;0,671128845950269;3;"Model_3_RELUI";0,687133523509506
"357";"HEG";"SPECRICH";1;8,8882297227288;0,572945427214237;2;"Model_2_LUI";0,720133392481449
"358";"HEG";"SPECRICH";1;8,40730986735026;0,674029679139288;3;"Model_2_LUI";0,681168777730346
"359";"HEG";"SPECRICH";3;8,17593882474665;0,590656790612498;5;"Model_3_RELUI";0,662422861048418
"360";"HEG";"SPECRICH";3;9,55906693635887;0,424785499594367;5;"Model_1_RE";0,774485304338415
"361";"SEG";"biomass_g";3;142,352018230595;0,32053446092003;1;"Model_5_RECLIMALUI";0,831686406067786
"362";"SEG";"biomass_g";2;148,832946176353;0,272445907137598;1;"Model_4_CLIMALUI";0,869550988096122
"363";"SEG";"biomass_g";1;154,115517388175;0,35619470784395;3;"Model_4_CLIMALUI";0,900414215190246
"364";"SEG";"biomass_g";3;120,276477409784;0,392450060077346;2;"Model_5_RECLIMALUI";0,70271087459677
"365";"SEG";"biomass_g";2;151,683360473384;0,433376006744737;5;"Model_4_CLIMALUI";0,886204428292958
"366";"SEG";"biomass_g";1;127,444785552255;0,531952348884394;2;"Model_4_CLIMALUI";0,744591450023106
"367";"SEG";"biomass_g";2;155,256784362291;0,309281095122633;1;"Model_2_LUI";0,907082025312394
"368";"SEG";"biomass_g";1;145,363945267868;0,355427180842388;4;"Model_4_CLIMALUI";0,849283478480978
"369";"SEG";"biomass_g";1;163,302458987038;0,302516855299615;3;"Model_2_LUI";0,95408858198943
"370";"SEG";"biomass_g";1;145,06323297627;0,317311846755101;4;"Model_2_LUI";0,847526578029772
"371";"SEG";"biomass_g";3;142,705012234411;0,344594251880831;1;"Model_3_RELUI";0,833748760490621
"372";"SEG";"biomass_g";1;121,716390846;0,369132389560064;2;"Model_2_LUI";0,711123515637624
"373";"SEG";"biomass_g";2;157,085127194814;0,600176142158133;3;"Model_3_RELUI";0,917764050747239
"374";"SEG";"biomass_g";1;141,09438839021;0,344221375927387;4;"Model_3_RELUI";0,824338750199507
"375";"SEG";"biomass_g";2;147,718840910848;0,297813829982059;5;"Model_3_RELUI";0,863041869252808
"376";"SEG";"biomass_g";2;143,375850645167;0,337167450519655;1;"Model_1_RE";0,837668109115452
"377";"SEG";"biomass_g";1;136,430840891201;0,274486416516422;2;"Model_1_RE";0,797092146272235
"378";"SEG";"biomass_g";1;167,871114599161;0,341733913393558;3;"Model_1_RE";0,980780783574183
"379";"SEG";"biomass_g";1;141,398437514077;0,305635032819979;4;"Model_1_RE";0,826115145969936
"380";"SEG";"biomass_g";2;148,225186862892;0,315349604152152;5;"Model_1_RE";0,86600017676623
"381";"SEG";"biomass_g";2;154,030719427225;0,596409086906476;3;"Model_5_RECLIMALUI";0,899918786237001
"382";"SEG";"biomass_g";1;140,701757938154;0,415107416747296;4;"Model_5_RECLIMALUI";0,822044821292548
"383";"SEG";"biomass_g";2;147,718840910848;0,297813829982059;5;"Model_5_RECLIMALUI";0,863041869252808
"384";"SEG";"biomass_g";1;154,704095005316;0,516837539579048;5;"Model_2_LUI";0,903852958168228
"385";"SEG";"biomass_g";3;120,276477409784;0,392450060077346;2;"Model_3_RELUI";0,70271087459677
"386";"SEG";"biomass_g";2;142,429192511127;0,537565929932668;1;"Model_0_RE";0,832137293949914
"387";"SEG";"biomass_g";1;141,254430398916;0,34422703200598;2;"Model_0_RE";0,825273789721217
"388";"SEG";"biomass_g";3;160,517906966768;0,327040757754826;3;"Model_0_RE";0,937819939710712
"389";"SEG";"biomass_g";2;138,280658810389;0,429071423863866;4;"Model_0_RE";0,807899639107333
"390";"SEG";"biomass_g";1;162,381389820455;0,312035381421907;5;"Model_0_RE";0,948707269420651
"391";"SEG";"cover_bare_soil_pc";1;6,0263675840081;0,22497075232396;1;"Model_4_CLIMALUI";0,7540121910215
"392";"SEG";"cover_bare_soil_pc";1;5,51836643696436;0,307814677488082;1;"Model_2_LUI";0,690451670926387
"393";"SEG";"cover_bare_soil_pc";2;6,02513877334324;0,19122963148466;1;"Model_1_RE";0,753858443642363
"394";"SEG";"cover_bare_soil_pc";2;6,02513877334324;0,19122963148466;1;"Model_5_RECLIMALUI";0,753858443642363
"395";"SEG";"cover_bare_soil_pc";1;6,63796425718615;0,4578689397137;2;"Model_5_RECLIMALUI";0,830534464370405
"396";"SEG";"cover_bare_soil_pc";3;5,29558489765123;0,477573964423286;3;"Model_5_RECLIMALUI";0,662577500584971
"397";"SEG";"cover_bare_soil_pc";1;6,45759345777203;0,364871871999832;5;"Model_5_RECLIMALUI";0,80796667709778
"398";"SEG";"cover_bare_soil_pc";1;5,81192818938216;0,259866893403394;3;"Model_2_LUI";0,72718178024266
"399";"SEG";"cover_bare_soil_pc";1;5,34275126849273;0,460502218418929;4;"Model_2_LUI";0,668478902735597
"400";"SEG";"cover_bare_soil_pc";1;5,63170969083821;0,578706814790469;4;"Model_5_RECLIMALUI";0,704633048679997
"401";"SEG";"cover_bare_soil_pc";1;5,82740127030756;0,285875731504154;1;"Model_0_RE";0,729117754357709
"402";"SEG";"cover_bare_soil_pc";2;7,11972565032078;0,473828977065658;2;"Model_0_RE";0,890811896591925
"403";"SEG";"cover_bare_soil_pc";2;5,72764706927716;0,400459792645701;3;"Model_0_RE";0,716636623289282
"404";"SEG";"cover_bare_soil_pc";2;6,53617490562579;0,597402269560642;2;"Model_4_CLIMALUI";0,817798697604973
"405";"SEG";"cover_bare_soil_pc";2;5,67390670131018;0,445792721347309;3;"Model_4_CLIMALUI";0,709912690168339
"406";"SEG";"cover_bare_soil_pc";2;4,77356663480253;0,559331616939289;4;"Model_4_CLIMALUI";0,597263175058548
"407";"SEG";"cover_bare_soil_pc";1;7,43758680637663;0,408072440871937;5;"Model_4_CLIMALUI";0,930582319384305
"408";"SEG";"cover_bare_soil_pc";1;6,75639309652959;0,407398240863007;4;"Model_1_RE";0,845352144737339
"409";"SEG";"cover_bare_soil_pc";3;6,41123524827925;0,300142186513049;5;"Model_1_RE";0,802166391166957
"410";"SEG";"cover_bare_soil_pc";1;6,82950135949124;0,470390833855;2;"Model_2_LUI";0,854499366636608
"411";"SEG";"cover_bare_soil_pc";3;5,29558489765123;0,477573964423286;3;"Model_3_RELUI";0,662577500584971
"412";"SEG";"cover_bare_soil_pc";1;5,89006296553865;0,607342308402499;4;"Model_3_RELUI";0,736957913700079
"413";"SEG";"cover_bare_soil_pc";2;6,02513877334324;0,19122963148466;1;"Model_3_RELUI";0,753858443642363
"414";"SEG";"cover_bare_soil_pc";2;6,5632864798949;0,325939226838659;2;"Model_3_RELUI";0,821190866640752
"415";"SEG";"cover_bare_soil_pc";2;7,28874993540008;0,511500355247086;2;"Model_1_RE";0,911960021022085
"416";"SEG";"cover_bare_soil_pc";2;5,66453224261502;0,576131903450805;3;"Model_1_RE";0,708739768662666
"417";"SEG";"cover_bare_soil_pc";1;6,45759345777203;0,364871871999832;5;"Model_3_RELUI";0,80796667709778
"418";"SEG";"cover_bare_soil_pc";1;6,15350982427696;0,262079821857263;4;"Model_0_RE";0,769920082105161
"419";"SEG";"cover_bare_soil_pc";1;6,99192918109864;0,355621348121828;5;"Model_0_RE";0,87482214913299
"420";"SEG";"cover_bare_soil_pc";1;7,49684466107219;0,383524537531112;5;"Model_2_LUI";0,937996594108071
"421";"SEG";"cover_shrubs_pc";1;0,0953505872810884;0,279280829282381;1;"Model_0_RE";0,790897909528296
"422";"SEG";"cover_shrubs_pc";1;0,100302005711531;0,658538577489589;1;"Model_4_CLIMALUI";0,831968096902106
"423";"SEG";"cover_shrubs_pc";1;0,075450977938316;0,679729686110634;2;"Model_4_CLIMALUI";0,625837998746289
"424";"SEG";"cover_shrubs_pc";1;0,0657783666738525;0,877499252508491;4;"Model_5_RECLIMALUI";0,545607260301102
"425";"SEG";"cover_shrubs_pc";1;0,0818027492343387;0,589651380121884;1;"Model_5_RECLIMALUI";0,678523596004509
"426";"SEG";"cover_shrubs_pc";1;0,075071017475408;0,226568817940733;2;"Model_5_RECLIMALUI";0,622686367021867
"427";"SEG";"cover_shrubs_pc";3;0,0866677552159686;0,815327729745534;3;"Model_5_RECLIMALUI";0,718877024026624
"428";"SEG";"cover_shrubs_pc";1;0,0854158427992071;0,423510289910399;1;"Model_3_RELUI";0,708492872847666
"429";"SEG";"cover_shrubs_pc";1;0,075071017475408;0,226568817940733;2;"Model_3_RELUI";0,622686367021867
"430";"SEG";"cover_shrubs_pc";2;0,0725523298036009;0,4212930794208;2;"Model_0_RE";0,601794782909075
"431";"SEG";"cover_shrubs_pc";2;0,10232641254842;0,237811816553207;3;"Model_0_RE";0,848759804021957
"432";"SEG";"cover_shrubs_pc";1;0,0764747141209483;0,236308411602059;4;"Model_0_RE";0,634329512326226
"433";"SEG";"cover_shrubs_pc";1;0,0946113844338313;0,0874787039414;3;"Model_4_CLIMALUI";0,78476649489013
"434";"SEG";"cover_shrubs_pc";1;0,0764165297464933;0,19673351196029;4;"Model_4_CLIMALUI";0,633846894426999
"435";"SEG";"cover_shrubs_pc";1;0,0732428689302951;0,288644937095727;5;"Model_4_CLIMALUI";0,607522549956173
"436";"SEG";"cover_shrubs_pc";1;0,0657783666738525;0,877499252508491;4;"Model_1_RE";0,545607260301102
"437";"SEG";"cover_shrubs_pc";1;0,105070028147227;0,751410039729992;1;"Model_2_LUI";0,871517082225699
"438";"SEG";"cover_shrubs_pc";1;0,0686027863751059;0,626927437832153;2;"Model_2_LUI";0,569034778694529
"439";"SEG";"cover_shrubs_pc";1;0,103253135411437;0,504323160269541;3;"Model_2_LUI";0,856446627941686
"440";"SEG";"cover_shrubs_pc";1;0,0770586746890481;0,431809096627217;4;"Model_2_LUI";0,639173249588122
"441";"SEG";"cover_shrubs_pc";1;0,0749748860788418;0,296549339688731;5;"Model_2_LUI";0,621888992587663
"442";"SEG";"cover_shrubs_pc";1;0,101990266868934;0,359872436476965;1;"Model_1_RE";0,845971599745682
"443";"SEG";"cover_shrubs_pc";1;0,102878149727582;0,0403837994595113;3;"Model_3_RELUI";0,853336260172379
"444";"SEG";"cover_shrubs_pc";1;0,0657783666738525;0,877499252508491;4;"Model_3_RELUI";0,545607260301102
"445";"SEG";"cover_shrubs_pc";1;0,0741741041718973;0,202267481876354;5;"Model_3_RELUI";0,615246802389889
"446";"SEG";"cover_shrubs_pc";1;0,0741741041718973;0,202267481876354;5;"Model_1_RE";0,615246802389889
"447";"SEG";"cover_shrubs_pc";1;0,0754663157528291;0,00640283906238238;2;"Model_1_RE";0,625965220253581
"448";"SEG";"cover_shrubs_pc";1;0,102878149727582;0,0403837994595113;3;"Model_1_RE";0,853336260172379
"449";"SEG";"cover_shrubs_pc";1;0,0741741041718973;0,202267481876354;5;"Model_5_RECLIMALUI";0,615246802389889
"450";"SEG";"cover_shrubs_pc";1;0,0749470291346243;0,4043934589552;5;"Model_0_RE";0,621657929522655
"451";"SEG";"EVENESS";1;0,0765857260603985;0,473442589135481;3;"Model_4_CLIMALUI";0,925880833323509
"452";"SEG";"EVENESS";2;0,0620725657499315;0,502786351133663;1;"Model_2_LUI";0,750424417962041
"453";"SEG";"EVENESS";2;0,0710374688375751;0,42695886293383;3;"Model_5_RECLIMALUI";0,858805344388277
"454";"SEG";"EVENESS";1;0,0796011642103829;0,419547537018259;4;"Model_4_CLIMALUI";0,962335882204827
"455";"SEG";"EVENESS";3;0,0607652187777782;0,574714744732008;2;"Model_5_RECLIMALUI";0,734619286036208
"456";"SEG";"EVENESS";3;0,0588916741748724;0,532736877899139;1;"Model_3_RELUI";0,7119691248712
"457";"SEG";"EVENESS";1;0,0665748044500905;0,377077891683281;1;"Model_0_RE";0,804854097406969
"458";"SEG";"EVENESS";2;0,0720360348331522;0,527019917677725;5;"Model_4_CLIMALUI";0,870877477978606
"459";"SEG";"EVENESS";1;0,0594626762948953;0,555510097205385;1;"Model_4_CLIMALUI";0,718872237839006
"460";"SEG";"EVENESS";1;0,0750082552217238;0,316894771522516;2;"Model_4_CLIMALUI";0,90681004703229
"461";"SEG";"EVENESS";1;0,0674967636513632;0,2897704783177;1;"Model_1_RE";0,816000095460072
"462";"SEG";"EVENESS";1;0,0825376056348228;0,262513441504707;2;"Model_1_RE";0,997835902547023
"463";"SEG";"EVENESS";3;0,0588916741748724;0,532736877899139;1;"Model_5_RECLIMALUI";0,7119691248712
"464";"SEG";"EVENESS";3;0,0750083470700427;0,406147929927952;3;"Model_1_RE";0,906811157429781
"465";"SEG";"EVENESS";2;0,0812228661044227;0,362871901631648;4;"Model_1_RE";0,981941398510459
"466";"SEG";"EVENESS";3;0,0795709403546923;0,314032400846508;4;"Model_5_RECLIMALUI";0,961970491809873
"467";"SEG";"EVENESS";3;0,0709712351890371;0,511666464138849;5;"Model_5_RECLIMALUI";0,858004614685015
"468";"SEG";"EVENESS";1;0,0759341067420615;0,244378218701615;3;"Model_2_LUI";0,91800310115974
"469";"SEG";"EVENESS";1;0,0804147910570687;0,534609209733227;4;"Model_2_LUI";0,97217219951322
"470";"SEG";"EVENESS";1;0,0826120464743644;0,291678002565643;5;"Model_2_LUI";0,998735852839245
"471";"SEG";"EVENESS";3;0,0615720442056367;0,556697832055389;2;"Model_3_RELUI";0,744373377796115
"472";"SEG";"EVENESS";2;0,0778184732711161;0,413073866928627;2;"Model_0_RE";0,940784093675657
"473";"SEG";"EVENESS";1;0,0788700918339896;0,229299373348614;3;"Model_0_RE";0,953497604683752
"474";"SEG";"EVENESS";2;0,0776889754806111;0,490192478682495;4;"Model_0_RE";0,939218534029572
"475";"SEG";"EVENESS";1;0,0783212071530035;0,226032697449687;5;"Model_0_RE";0,946861879830413
"476";"SEG";"EVENESS";1;0,0744321697442447;0,326204020471541;2;"Model_2_LUI";0,899845478967305
"477";"SEG";"EVENESS";2;0,0710374688375751;0,42695886293383;3;"Model_3_RELUI";0,858805344388277
"478";"SEG";"EVENESS";2;0,0797474545026055;0,369714794198598;4;"Model_3_RELUI";0,964104454295707
"479";"SEG";"EVENESS";2;0,0753630550115147;0,270518260413177;5;"Model_1_RE";0,911099388426998
"480";"SEG";"EVENESS";3;0,0728527402410415;0,457085128485006;5;"Model_3_RELUI";0,88075101346014
"481";"SEG";"SHANNON";2;0,324709109071263;0,480004549156744;4;"Model_4_CLIMALUI";0,904864545689333
"482";"SEG";"SHANNON";3;0,310914542098402;0,483424534962407;4;"Model_5_RECLIMALUI";0,866423324829897
"483";"SEG";"SHANNON";3;0,285578304406003;0,588343070791224;5;"Model_5_RECLIMALUI";0,795819012944154
"484";"SEG";"SHANNON";3;0,253284544746539;0,488352745814931;1;"Model_3_RELUI";0,70582622448669
"485";"SEG";"SHANNON";3;0,267856398617373;0,474816324808661;2;"Model_3_RELUI";0,746433505170614
"486";"SEG";"SHANNON";2;0,296150885508508;0,261902117692518;1;"Model_0_RE";0,825281548884228
"487";"SEG";"SHANNON";2;0,26326058320541;0,421730235726574;1;"Model_4_CLIMALUI";0,733626379319687
"488";"SEG";"SHANNON";2;0,28242794827226;0,564882825459032;2;"Model_4_CLIMALUI";0,78703993809814
"489";"SEG";"SHANNON";3;0,275479798143023;0,413609284263107;3;"Model_4_CLIMALUI";0,76767757795969
"490";"SEG";"SHANNON";2;0,325276878236478;0,483851793168976;5;"Model_0_RE";0,906446743950442
"491";"SEG";"SHANNON";2;0,255824434263171;0,47104849211678;1;"Model_5_RECLIMALUI";0,712904116388589
"492";"SEG";"SHANNON";3;0,227123207907756;0,595391729083513;2;"Model_5_RECLIMALUI";0,632922614726685
"493";"SEG";"SHANNON";3;0,277012129546022;0,507964005191439;3;"Model_5_RECLIMALUI";0,771947714891747
"494";"SEG";"SHANNON";1;0,266696627124731;0,497314321448972;1;"Model_2_LUI";0,743201578269043
"495";"SEG";"SHANNON";2;0,292453960172545;0,476195520221172;2;"Model_2_LUI";0,814979353561956
"496";"SEG";"SHANNON";2;0,319016236200887;0,515826682929506;3;"Model_2_LUI";0,889000257686284
"497";"SEG";"SHANNON";1;0,336743117707853;0,424276359615237;4;"Model_2_LUI";0,93839963125843
"498";"SEG";"SHANNON";1;0,329640024029569;0,568126108603914;5;"Model_2_LUI";0,918605491042983
"499";"SEG";"SHANNON";1;0,291457660787765;0,419223809951542;1;"Model_1_RE";0,812202973211067
"500";"SEG";"SHANNON";1;0,340294914479713;0,400822532443569;2;"Model_0_RE";0,948297397851864
"501";"SEG";"SHANNON";2;0,299034125107996;0,451232445989705;3;"Model_0_RE";0,833316251999784
"502";"SEG";"SHANNON";3;0,333970718413336;0,480326459334014;4;"Model_0_RE";0,930673806025875
"503";"SEG";"SHANNON";2;0,345419682703082;0,574251286928044;5;"Model_1_RE";0,9625785527091
"504";"SEG";"SHANNON";1;0,323652378933567;0,403052077331372;2;"Model_1_RE";0,901919763392658
"505";"SEG";"SHANNON";3;0,298530096748091;0,477883925189961;5;"Model_4_CLIMALUI";0,831911679783734
"506";"SEG";"SHANNON";2;0,334103911982402;0,4022547681545;4;"Model_1_RE";0,931044975589632
"507";"SEG";"SHANNON";3;0,314812051271977;0,516787069808145;5;"Model_3_RELUI";0,877284485694013
"508";"SEG";"SHANNON";2;0,303364728725559;0,372477691290683;3;"Model_3_RELUI";0,845384314045149
"509";"SEG";"SHANNON";3;0,31946090839181;0,434178695781304;4;"Model_3_RELUI";0,890239422491889
"510";"SEG";"SHANNON";2;0,303364728725559;0,372477691290683;3;"Model_1_RE";0,845384314045149
"511";"SEG";"SPECRICH";2;4,7120327799167;0,648769016089324;2;"Model_4_CLIMALUI";0,704569299454534
"512";"SEG";"SPECRICH";2;4,14191379689251;0,667770590605133;3;"Model_4_CLIMALUI";0,619321944175697
"513";"SEG";"SPECRICH";1;6,53398357519539;0,357268138446041;1;"Model_2_LUI";0,97699749667366
"514";"SEG";"SPECRICH";1;6,02233497343719;0,467577544876253;2;"Model_2_LUI";0,900492957391988
"515";"SEG";"SPECRICH";3;5,18086321941894;0,547064785347238;2;"Model_0_RE";0,774671429416561
"516";"SEG";"SPECRICH";2;5,04291263908677;0,457620903925045;1;"Model_4_CLIMALUI";0,754044292831636
"517";"SEG";"SPECRICH";2;5,62818102053423;0,492004753206704;1;"Model_0_RE";0,841556870262522
"518";"SEG";"SPECRICH";2;4,61543198190081;0,686275793568141;2;"Model_1_RE";0,690125011869165
"519";"SEG";"SPECRICH";2;4,71426203996031;0,673896712388842;4;"Model_4_CLIMALUI";0,704902630791685
"520";"SEG";"SPECRICH";2;4,78470053984724;0,655182761392639;5;"Model_4_CLIMALUI";0,715434986324414
"521";"SEG";"SPECRICH";2;4,95978467246651;0,585938745670692;5;"Model_3_RELUI";0,741614537789111
"522";"SEG";"SPECRICH";3;3,7941871234037;0,637467574269104;3;"Model_5_RECLIMALUI";0,567327921598885
"523";"SEG";"SPECRICH";3;4,49972609187572;0,61028691154223;4;"Model_5_RECLIMALUI";0,67282402486729
"524";"SEG";"SPECRICH";2;4,82758199220244;0,588372190838713;5;"Model_5_RECLIMALUI";0,721846859131044
"525";"SEG";"SPECRICH";3;4,47183516330192;0,662065554536766;2;"Model_5_RECLIMALUI";0,668653618394286
"526";"SEG";"SPECRICH";3;5,20056291155971;0,646310616549344;1;"Model_3_RELUI";0,777617036745579
"527";"SEG";"SPECRICH";3;4,27696445341964;0,650795695541927;2;"Model_3_RELUI";0,639515468054764
"528";"SEG";"SPECRICH";3;4,24075926985436;0,652486345093198;3;"Model_3_RELUI";0,63410186801999
"529";"SEG";"SPECRICH";3;4,72518183389196;0,615891838985376;4;"Model_3_RELUI";0,706535419000078
"530";"SEG";"SPECRICH";3;5,3022341543307;0,520432880039215;1;"Model_1_RE";0,792819485378607
"531";"SEG";"SPECRICH";2;5,04296777921317;0,513851468626902;4;"Model_0_RE";0,754052537689439
"532";"SEG";"SPECRICH";1;5,54310354703761;0,443727757939377;5;"Model_0_RE";0,828835614129423
"533";"SEG";"SPECRICH";3;5,01932489743131;0,542375512293211;1;"Model_5_RECLIMALUI";0,750517322755211
"534";"SEG";"SPECRICH";3;4,24075926985436;0,652486345093198;3;"Model_1_RE";0,63410186801999
"535";"SEG";"SPECRICH";3;4,73897133497007;0,580074788378865;4;"Model_1_RE";0,708597301751794
"536";"SEG";"SPECRICH";3;5,29826293395132;0,493910426167905;5;"Model_1_RE";0,792225686461799
"537";"SEG";"SPECRICH";1;5,89252055083243;0,286185850690405;3;"Model_2_LUI";0,881082384277226
"538";"SEG";"SPECRICH";2;5,96887109148372;0,311455536928185;4;"Model_2_LUI";0,892498740964923
"539";"SEG";"SPECRICH";1;5,54857423594986;0,500270586707901;5;"Model_2_LUI";0,829653621905358
"540";"SEG";"SPECRICH";1;4,59846481219792;0,582881510961481;3;"Model_0_RE";0,687587986464282
